{"0.28341031074523926": [1586, 427], "0.25003623962402344": [1440, 584], "0": [1303, 384]}