{"0.26234889030456543": [585, 335], "0.22293710708618164": [581, 435], "0": [577, 343]}